{"bookmarks":[{"pageid":46,"title":"Constraints","x":-14.749999560415757,"y":3459.9998968839677},{"pageid":10,"title":"Model Predictive Control—Regulation","x":-32.62499902769926,"y":80806.49759177871}]}